review,sentiment
"Basic insights are fine, but more customization would help.",neutral
Love how it highlights trends I wouldnot have noticed myself.,positive
Highly recommend AutoInsight for anyone dealing with data regularly.,positive
I love how it quickly analyzes my CSV files and gives meaningful insights.,positive
It@s okay for basic insights but not a full BI tool.,neutral
"I expected more advanced analytics, but it@s very limited.",negative
Sometimes I use it when I don@t have time for deeper analysis.,neutral
AutoInsight kept crashing when I uploaded large CSV files.,negative
Highly recommend AutoInsight for anyone dealing with data regularly.,positive
"AutoInsight works as expected, nothing more, nothing less.",neutral
"The tool does what it says, though not exceptionally.",neutral
Support was slow to respond when I had issues.,negative
Didn@t add much value to my existing workflow.,negative
AutoInsight is a game changer for data analysis.,positive
I love how it quickly analyzes my CSV files and gives meaningful insights.,positive
Insight generation took forever and wasn@t worth the wait.,negative
"The tool does what it says, though not exceptionally.",neutral
Didn@t add much value to my existing workflow.,negative
AutoInsight saved me so much time with its automated reports.,positive
I love how it quickly analyzes my CSV files and gives meaningful insights.,positive
Too many bugs for a production tool.,negative
Very impressed by the speed and accuracy of the tool.,positive
Too many bugs for a production tool.,negative
"The tool does what it says, though not exceptionally.",neutral
Didn@t add much value to my existing workflow.,negative
"The interface is fine, though a bit plain.",neutral
Setup was seamless and I got results in seconds.,positive
Love how it highlights trends I wouldn@t have noticed myself.,positive
Insight generation is super helpful and surprisingly intuitive.,positive
It@s like having a data analyst on call 24/7.,positive
AutoInsight saved me so much time with its automated reports.,positive
"Not bad for a free trial, but unsure if I@d pay for it.",neutral
Some results were inaccurate and misleading.,negative
Would like to see more tutorials and user guides.,neutral
It@s like having a data analyst on call 24/7.,positive
"Average experience. Some features are useful, others I don't need.",neutral
AutoInsight is a game changer for data analysis.,positive
Took me a bit to understand how to upload files but it works.,neutral
Support was slow to respond when I had issues.,negative
It@s like having a data analyst on call 24/7.,positive
It@s like having a data analyst on call 24/7.,positive
Support was slow to respond when I had issues.,negative
Insight generation is super helpful and surprisingly intuitive.,positive
It@s okay for basic insights but not a full BI tool.,neutral
Would like to see more tutorials and user guides.,neutral
Would like to see more tutorials and user guides.,neutral
"Not bad for a free trial, but unsure if I@d pay for it.",neutral
It@s like having a data analyst on call 24/7.,positive
"I expected more advanced analytics, but it@s very limited.",negative
"Average experience. Some features are useful, others I don't need.",neutral
"I expected more advanced analytics, but it@s very limited.",negative
Love how it highlights trends I wouldn@t have noticed myself.,positive
Very impressed by the speed and accuracy of the tool.,positive
"I expected more advanced analytics, but it@s very limited.",negative
"The interface is fine, though a bit plain.",neutral
Love how it highlights trends I wouldn@t have noticed myself.,positive
AutoInsight is a game changer for data analysis.,positive
"Basic insights are fine, but more customization would help.",neutral
It misinterpreted several columns in my dataset.,negative
AutoInsight kept crashing when I uploaded large CSV files.,negative
"The UI is clean and easy to use, even for non-technical users.",positive
AutoInsight is a game changer for data analysis.,positive
Sometimes I use it when I don@t have time for deeper analysis.,neutral
AutoInsight is a game changer for data analysis.,positive
Insight generation is super helpful and surprisingly intuitive.,positive
Didn@t add much value to my existing workflow.,negative
"The UI is clean and easy to use, even for non-technical users.",positive
"The UI is clean and easy to use, even for non-technical users.",positive
"AutoInsight works as expected, nothing more, nothing less.",neutral
"The tool does what it says, though not exceptionally.",neutral
Support was slow to respond when I had issues.,negative
"I expected more advanced analytics, but it@s very limited.",negative
It@s like having a data analyst on call 24/7.,positive
Setup was seamless and I got results in seconds.,positive
"Average experience. Some features are useful, others I don't need.",neutral
Very impressed by the speed and accuracy of the tool.,positive
"Average experience. Some features are useful, others I don't need.",neutral
Support was slow to respond when I had issues.,negative
"Average experience. Some features are useful, others I don't need.",neutral
It@s like having a data analyst on call 24/7.,positive
"The UI is clean and easy to use, even for non-technical users.",positive
Insight generation is super helpful and surprisingly intuitive.,positive
"Not bad for a free trial, but unsure if I@d pay for it.",neutral
AutoInsight is a game changer for data analysis.,positive
It@s like having a data analyst on call 24/7.,positive
Sometimes I use it when I don@t have time for deeper analysis.,neutral
"The interface is fine, though a bit plain.",neutral
Didn@t add much value to my existing workflow.,negative
UI feels clunky and outdated.,negative
"The UI is clean and easy to use, even for non-technical users.",positive
"The UI is clean and easy to use, even for non-technical users.",positive
Would like to see more tutorials and user guides.,neutral
Didn@t find the insights very helpful or actionable.,negative
Would like to see more tutorials and user guides.,neutral
Love how it highlights trends I wouldn@t have noticed myself.,positive
Love how it highlights trends I wouldn@t have noticed myself.,positive
"Not bad for a free trial, but unsure if I@d pay for it.",neutral
AutoInsight saved me so much time with its automated reports.,positive
"AutoInsight works as expected, nothing more, nothing less.",neutral
It@s like having a data analyst on call 24/7.,positive
"The tool does what it says, though not exceptionally.",neutral
"Average experience. Some features are useful, others I don't need.",neutral
It@s like having a data analyst on call 24/7.,positive
AutoInsight saved me so much time with its automated reports.,positive
Took me a bit to understand how to upload files but it works.,neutral
"Average experience. Some features are useful, others I don't need.",neutral
AutoInsight is a game changer for data analysis.,positive
Took me a bit to understand how to upload files but it works.,neutral
It@s like having a data analyst on call 24/7.,positive
Very impressed by the speed and accuracy of the tool.,positive
Would like to see more tutorials and user guides.,neutral
Took me a bit to understand how to upload files but it works.,neutral
Very impressed by the speed and accuracy of the tool.,positive
Highly recommend AutoInsight for anyone dealing with data regularly.,positive
"The tool does what it says, though not exceptionally.",neutral
I love how it quickly analyzes my CSV files and gives meaningful insights.,positive
"The interface is fine, though a bit plain.",neutral
"The tool does what it says, though not exceptionally.",neutral
Very impressed by the speed and accuracy of the tool.,positive
"AutoInsight works as expected, nothing more, nothing less.",neutral
"The interface is fine, though a bit plain.",neutral
It misinterpreted several columns in my dataset.,negative
Very impressed by the speed and accuracy of the tool.,positive
"The tool does what it says, though not exceptionally.",neutral
"Not bad for a free trial, but unsure if I@d pay for it.",neutral
AutoInsight is a game changer for data analysis.,positive
"The UI is clean and easy to use, even for non-technical users.",positive
"The interface is fine, though a bit plain.",neutral
Insight generation is super helpful and surprisingly intuitive.,positive
"The interface is fine, though a bit plain.",neutral
Love how it highlights trends I wouldn@t have noticed myself.,positive
Some results were inaccurate and misleading.,negative
Didn@t add much value to my existing workflow.,negative
UI feels clunky and outdated.,negative
It@s like having a data analyst on call 24/7.,positive
It@s like having a data analyst on call 24/7.,positive
It misinterpreted several columns in my dataset.,negative
Insight generation is super helpful and surprisingly intuitive.,positive
Highly recommend AutoInsight for anyone dealing with data regularly.,positive
Support was slow to respond when I had issues.,negative
AutoInsight saved me so much time with its automated reports.,positive
I love how it quickly analyzes my CSV files and gives meaningful insights.,positive
Highly recommend AutoInsight for anyone dealing with data regularly.,positive
Very impressed by the speed and accuracy of the tool.,positive
Setup was seamless and I got results in seconds.,positive
"I expected more advanced analytics, but it@s very limited.",negative
Took me a bit to understand how to upload files but it works.,neutral
It@s okay for basic insights but not a full BI tool.,neutral
"Basic insights are fine, but more customization would help.",neutral
"The UI is clean and easy to use, even for non-technical users.",positive
AutoInsight saved me so much time with its automated reports.,positive
Very impressed by the speed and accuracy of the tool.,positive
Some results were inaccurate and misleading.,negative
"The UI is clean and easy to use, even for non-technical users.",positive
Highly recommend AutoInsight for anyone dealing with data regularly.,positive
Very impressed by the speed and accuracy of the tool.,positive
"AutoInsight works as expected, nothing more, nothing less.",neutral
AutoInsight saved me so much time with its automated reports.,positive
UI feels clunky and outdated.,negative
"Average experience. Some features are useful, others I don't need.",neutral
"I expected more advanced analytics, but it@s very limited.",negative
I love how it quickly analyzes my CSV files and gives meaningful insights.,positive
Very impressed by the speed and accuracy of the tool.,positive
Insight generation took forever and wasn@t worth the wait.,negative
It@s like having a data analyst on call 24/7.,positive
Insight generation took forever and wasn@t worth the wait.,negative
Very impressed by the speed and accuracy of the tool.,positive
Love how it highlights trends I wouldn@t have noticed myself.,positive
Setup was seamless and I got results in seconds.,positive
AutoInsight saved me so much time with its automated reports.,positive
"AutoInsight works as expected, nothing more, nothing less.",neutral
Insight generation is super helpful and surprisingly intuitive.,positive
I love how it quickly analyzes my CSV files and gives meaningful insights.,positive
"The UI is clean and easy to use, even for non-technical users.",positive
"The interface is fine, though a bit plain.",neutral
Took me a bit to understand how to upload files but it works.,neutral
Very impressed by the speed and accuracy of the tool.,positive
Setup was seamless and I got results in seconds.,positive
I love how it quickly analyzes my CSV files and gives meaningful insights.,positive
"Average experience. Some features are useful, others I don't need.",neutral
AutoInsight is a game changer for data analysis.,positive
Didn@t add much value to my existing workflow.,negative
Too many bugs for a production tool.,negative
Insight generation took forever and wasn@t worth the wait.,negative
Would like to see more tutorials and user guides.,neutral
AutoInsight is a game changer for data analysis.,positive
AutoInsight is a game changer for data analysis.,positive
"The UI is clean and easy to use, even for non-technical users.",positive
AutoInsight saved me so much time with its automated reports.,positive
Sometimes I use it when I don@t have time for deeper analysis.,neutral
Support was slow to respond when I had issues.,negative
Very impressed by the speed and accuracy of the tool.,positive
Insight generation took forever and wasn@t worth the wait.,negative
Took me a bit to understand how to upload files but it works.,neutral
Setup was seamless and I got results in seconds.,positive
"The UI is clean and easy to use, even for non-technical users.",positive
"Average experience. Some features are useful, others I don't need.",neutral
"AutoInsight works as expected, nothing more, nothing less.",neutral
"The UI is clean and easy to use, even for non-technical users.",positive
"I expected more advanced analytics, but it@s very limited.",negative
Highly recommend AutoInsight for anyone dealing with data regularly.,positive
Love how it highlights trends I wouldn@t have noticed myself.,positive
Insight generation took forever and wasn@t worth the wait.,negative
"The UI is clean and easy to use, even for non-technical users.",positive
I love how it quickly analyzes my CSV files and gives meaningful insights.,positive
Setup was seamless and I got results in seconds.,positive
"The interface is fine, though a bit plain.",neutral
Love how it highlights trends I wouldn@t have noticed myself.,positive
AutoInsight saved me so much time with its automated reports.,positive
Took me a bit to understand how to upload files but it works.,neutral
AutoInsight saved me so much time with its automated reports.,positive
Took me a bit to understand how to upload files but it works.,neutral
Some results were inaccurate and misleading.,negative
"The UI is clean and easy to use, even for non-technical users.",positive
AutoInsight kept crashing when I uploaded large CSV files.,negative
Very impressed by the speed and accuracy of the tool.,positive
I love how it quickly analyzes my CSV files and gives meaningful insights.,positive
Insight generation took forever and wasn@t worth the wait.,negative
Love how it highlights trends I wouldn@t have noticed myself.,positive
Insight generation is super helpful and surprisingly intuitive.,positive
Very impressed by the speed and accuracy of the tool.,positive
It@s like having a data analyst on call 24/7.,positive
Support was slow to respond when I had issues.,negative
"Not bad for a free trial, but unsure if I@d pay for it.",neutral
"Basic insights are fine, but more customization would help.",neutral
"Basic insights are fine, but more customization would help.",neutral
It@s like having a data analyst on call 24/7.,positive
"The interface is fine, though a bit plain.",neutral
Highly recommend AutoInsight for anyone dealing with data regularly.,positive
Setup was seamless and I got results in seconds.,positive
"Average experience. Some features are useful, others I don't need.",neutral
AutoInsight is a game changer for data analysis.,positive
Took me a bit to understand how to upload files but it works.,neutral
It@s like having a data analyst on call 24/7.,positive
Setup was seamless and I got results in seconds.,positive
Insight generation is super helpful and surprisingly intuitive.,positive
Highly recommend AutoInsight for anyone dealing with data regularly.,positive
AutoInsight is a game changer for data analysis.,positive
Setup was seamless and I got results in seconds.,positive
Some results were inaccurate and misleading.,negative
AutoInsight saved me so much time with its automated reports.,positive
Very impressed by the speed and accuracy of the tool.,positive
"The UI is clean and easy to use, even for non-technical users.",positive
"I expected more advanced analytics, but it@s very limited.",negative
Didn@t find the insights very helpful or actionable.,negative
I love how it quickly analyzes my CSV files and gives meaningful insights.,positive
It@s like having a data analyst on call 24/7.,positive
Love how it highlights trends I wouldn@t have noticed myself.,positive
I love how it quickly analyzes my CSV files and gives meaningful insights.,positive
Insight generation is super helpful and surprisingly intuitive.,positive
Highly recommend AutoInsight for anyone dealing with data regularly.,positive
Insight generation is super helpful and surprisingly intuitive.,positive
Insight generation is super helpful and surprisingly intuitive.,positive
"The tool does what it says, though not exceptionally.",neutral
Took me a bit to understand how to upload files but it works.,neutral
"Average experience. Some features are useful, others I don't need.",neutral
Setup was seamless and I got results in seconds.,positive
Love how it highlights trends I wouldn@t have noticed myself.,positive
"The interface is fine, though a bit plain.",neutral
I love how it quickly analyzes my CSV files and gives meaningful insights.,positive
"The interface is fine, though a bit plain.",neutral
Too many bugs for a production tool.,negative
"AutoInsight works as expected, nothing more, nothing less.",neutral
Highly recommend AutoInsight for anyone dealing with data regularly.,positive
AutoInsight kept crashing when I uploaded large CSV files.,negative
"Not bad for a free trial, but unsure if I@d pay for it.",neutral
Would like to see more tutorials and user guides.,neutral
Highly recommend AutoInsight for anyone dealing with data regularly.,positive
Highly recommend AutoInsight for anyone dealing with data regularly.,positive
AutoInsight is a game changer for data analysis.,positive
AutoInsight is a game changer for data analysis.,positive
"AutoInsight works as expected, nothing more, nothing less.",neutral
AutoInsight saved me so much time with its automated reports.,positive
Insight generation is super helpful and surprisingly intuitive.,positive
"The interface is fine, though a bit plain.",neutral
AutoInsight kept crashing when I uploaded large CSV files.,negative
"The interface is fine, though a bit plain.",neutral
"I expected more advanced analytics, but it@s very limited.",negative
Love how it highlights trends I wouldn@t have noticed myself.,positive
AutoInsight is a game changer for data analysis.,positive
I love how it quickly analyzes my CSV files and gives meaningful insights.,positive
Would like to see more tutorials and user guides.,neutral
UI feels clunky and outdated.,negative
Setup was seamless and I got results in seconds.,positive
"The interface is fine, though a bit plain.",neutral
Very impressed by the speed and accuracy of the tool.,positive
"Not bad for a free trial, but unsure if I@d pay for it.",neutral
Highly recommend AutoInsight for anyone dealing with data regularly.,positive
"The tool does what it says, though not exceptionally.",neutral
It@s like having a data analyst on call 24/7.,positive
"The UI is clean and easy to use, even for non-technical users.",positive
Would like to see more tutorials and user guides.,neutral
"The UI is clean and easy to use, even for non-technical users.",positive
Support was slow to respond when I had issues.,negative
Very impressed by the speed and accuracy of the tool.,positive
UI feels clunky and outdated.,negative
Insight generation took forever and wasn@t worth the wait.,negative
Love how it highlights trends I wouldn@t have noticed myself.,positive
AutoInsight saved me so much time with its automated reports.,positive
Love how it highlights trends I wouldn@t have noticed myself.,positive
It@s okay for basic insights but not a full BI tool.,neutral
"The interface is fine, though a bit plain.",neutral
Sometimes I use it when I don@t have time for deeper analysis.,neutral
"Average experience. Some features are useful, others I don't need.",neutral
Highly recommend AutoInsight for anyone dealing with data regularly.,positive
"I expected more advanced analytics, but it@s very limited.",negative
Highly recommend AutoInsight for anyone dealing with data regularly.,positive
Support was slow to respond when I had issues.,negative
Took me a bit to understand how to upload files but it works.,neutral
"Basic insights are fine, but more customization would help.",neutral
Setup was seamless and I got results in seconds.,positive
"The UI is clean and easy to use, even for non-technical users.",positive
It@s like having a data analyst on call 24/7.,positive
It misinterpreted several columns in my dataset.,negative
It@s like having a data analyst on call 24/7.,positive
Highly recommend AutoInsight for anyone dealing with data regularly.,positive
It@s like having a data analyst on call 24/7.,positive
"Average experience. Some features are useful, others I don't need.",neutral
Didn@t find the insights very helpful or actionable.,negative
It misinterpreted several columns in my dataset.,negative
"AutoInsight works as expected, nothing more, nothing less.",neutral
AutoInsight is a game changer for data analysis.,positive
Support was slow to respond when I had issues.,negative
Didn@t find the insights very helpful or actionable.,negative
Sometimes I use it when I don@t have time for deeper analysis.,neutral
Setup was seamless and I got results in seconds.,positive
Would like to see more tutorials and user guides.,neutral
Some results were inaccurate and misleading.,negative
It@s like having a data analyst on call 24/7.,positive
Sometimes I use it when I don@t have time for deeper analysis.,neutral
Sometimes I use it when I don@t have time for deeper analysis.,neutral
Insight generation took forever and wasn@t worth the wait.,negative
Very impressed by the speed and accuracy of the tool.,positive
Insight generation took forever and wasn@t worth the wait.,negative
Insight generation is super helpful and surprisingly intuitive.,positive
"The interface is fine, though a bit plain.",neutral
"I expected more advanced analytics, but it@s very limited.",negative
It misinterpreted several columns in my dataset.,negative
Took me a bit to understand how to upload files but it works.,neutral
"Basic insights are fine, but more customization would help.",neutral
Would like to see more tutorials and user guides.,neutral
AutoInsight is a game changer for data analysis.,positive
Insight generation is super helpful and surprisingly intuitive.,positive
I love how it quickly analyzes my CSV files and gives meaningful insights.,positive
"The UI is clean and easy to use, even for non-technical users.",positive
Too many bugs for a production tool.,negative
AutoInsight is a game changer for data analysis.,positive
It misinterpreted several columns in my dataset.,negative
Setup was seamless and I got results in seconds.,positive
Too many bugs for a production tool.,negative
"I expected more advanced analytics, but it@s very limited.",negative
"The tool does what it says, though not exceptionally.",neutral
Insight generation took forever and wasn@t worth the wait.,negative
"Basic insights are fine, but more customization would help.",neutral
Setup was seamless and I got results in seconds.,positive
"The interface is fine, though a bit plain.",neutral
"The tool does what it says, though not exceptionally.",neutral
"The interface is fine, though a bit plain.",neutral
AutoInsight saved me so much time with its automated reports.,positive
Insight generation took forever and wasn@t worth the wait.,negative
Highly recommend AutoInsight for anyone dealing with data regularly.,positive
"AutoInsight works as expected, nothing more, nothing less.",neutral
"I expected more advanced analytics, but it@s very limited.",negative
AutoInsight saved me so much time with its automated reports.,positive
Setup was seamless and I got results in seconds.,positive
It@s okay for basic insights but not a full BI tool.,neutral
Didn@t add much value to my existing workflow.,negative
AutoInsight kept crashing when I uploaded large CSV files.,negative
Highly recommend AutoInsight for anyone dealing with data regularly.,positive
AutoInsight saved me so much time with its automated reports.,positive
"Average experience. Some features are useful, others I don't need.",neutral
Setup was seamless and I got results in seconds.,positive
Setup was seamless and I got results in seconds.,positive
It@s okay for basic insights but not a full BI tool.,neutral
I love how it quickly analyzes my CSV files and gives meaningful insights.,positive
Love how it highlights trends I wouldn@t have noticed myself.,positive
"The interface is fine, though a bit plain.",neutral
"I expected more advanced analytics, but it@s very limited.",negative
Setup was seamless and I got results in seconds.,positive
Very impressed by the speed and accuracy of the tool.,positive
It@s okay for basic insights but not a full BI tool.,neutral
Insight generation took forever and wasn@t worth the wait.,negative
Support was slow to respond when I had issues.,negative
"I expected more advanced analytics, but it@s very limited.",negative
It@s okay for basic insights but not a full BI tool.,neutral
Didn@t find the insights very helpful or actionable.,negative
Setup was seamless and I got results in seconds.,positive
UI feels clunky and outdated.,negative
It@s okay for basic insights but not a full BI tool.,neutral
Insight generation is super helpful and surprisingly intuitive.,positive
"The UI is clean and easy to use, even for non-technical users.",positive
I love how it quickly analyzes my CSV files and gives meaningful insights.,positive
It@s like having a data analyst on call 24/7.,positive
"Basic insights are fine, but more customization would help.",neutral
Setup was seamless and I got results in seconds.,positive
Too many bugs for a production tool.,negative
Insight generation is super helpful and surprisingly intuitive.,positive
"The UI is clean and easy to use, even for non-technical users.",positive
I love how it quickly analyzes my CSV files and gives meaningful insights.,positive
"The UI is clean and easy to use, even for non-technical users.",positive
Would like to see more tutorials and user guides.,neutral
"Basic insights are fine, but more customization would help.",neutral
Insight generation is super helpful and surprisingly intuitive.,positive
Some results were inaccurate and misleading.,negative
Didn@t find the insights very helpful or actionable.,negative
AutoInsight is a game changer for data analysis.,positive
Very impressed by the speed and accuracy of the tool.,positive
UI feels clunky and outdated.,negative
"AutoInsight works as expected, nothing more, nothing less.",neutral
"The tool does what it says, though not exceptionally.",neutral
Insight generation is super helpful and surprisingly intuitive.,positive
AutoInsight is a game changer for data analysis.,positive
Very impressed by the speed and accuracy of the tool.,positive
It@s okay for basic insights but not a full BI tool.,neutral
AutoInsight kept crashing when I uploaded large CSV files.,negative
Very impressed by the speed and accuracy of the tool.,positive
Highly recommend AutoInsight for anyone dealing with data regularly.,positive
Didn@t find the insights very helpful or actionable.,negative
"Average experience. Some features are useful, others I don't need.",neutral
AutoInsight is a game changer for data analysis.,positive
AutoInsight saved me so much time with its automated reports.,positive
AutoInsight is a game changer for data analysis.,positive
AutoInsight is a game changer for data analysis.,positive
It@s okay for basic insights but not a full BI tool.,neutral
AutoInsight is a game changer for data analysis.,positive
"AutoInsight works as expected, nothing more, nothing less.",neutral
"Not bad for a free trial, but unsure if I@d pay for it.",neutral
Didn@t find the insights very helpful or actionable.,negative
Insight generation is super helpful and surprisingly intuitive.,positive
It@s like having a data analyst on call 24/7.,positive
It@s like having a data analyst on call 24/7.,positive
Setup was seamless and I got results in seconds.,positive
I love how it quickly analyzes my CSV files and gives meaningful insights.,positive
It misinterpreted several columns in my dataset.,negative
Love how it highlights trends I wouldn@t have noticed myself.,positive
Didn@t add much value to my existing workflow.,negative
Very impressed by the speed and accuracy of the tool.,positive
Love how it highlights trends I wouldn@t have noticed myself.,positive
"Average experience. Some features are useful, others I don't need.",neutral
"The UI is clean and easy to use, even for non-technical users.",positive
I love how it quickly analyzes my CSV files and gives meaningful insights.,positive
"Average experience. Some features are useful, others I don't need.",neutral
AutoInsight is a game changer for data analysis.,positive
"The interface is fine, though a bit plain.",neutral
"AutoInsight works as expected, nothing more, nothing less.",neutral
Sometimes I use it when I don@t have time for deeper analysis.,neutral
Too many bugs for a production tool.,negative
"Not bad for a free trial, but unsure if I@d pay for it.",neutral
"The tool does what it says, though not exceptionally.",neutral
"The UI is clean and easy to use, even for non-technical users.",positive
Didn@t add much value to my existing workflow.,negative
Highly recommend AutoInsight for anyone dealing with data regularly.,positive
Highly recommend AutoInsight for anyone dealing with data regularly.,positive
Setup was seamless and I got results in seconds.,positive
"Not bad for a free trial, but unsure if I@d pay for it.",neutral
"Not bad for a free trial, but unsure if I@d pay for it.",neutral
Setup was seamless and I got results in seconds.,positive
"Not bad for a free trial, but unsure if I@d pay for it.",neutral
AutoInsight is a game changer for data analysis.,positive
Love how it highlights trends I wouldn@t have noticed myself.,positive
"The UI is clean and easy to use, even for non-technical users.",positive
Very impressed by the speed and accuracy of the tool.,positive
Setup was seamless and I got results in seconds.,positive
Setup was seamless and I got results in seconds.,positive
It@s like having a data analyst on call 24/7.,positive
Too many bugs for a production tool.,negative
"The interface is fine, though a bit plain.",neutral
Didn@t find the insights very helpful or actionable.,negative
Support was slow to respond when I had issues.,negative
Support was slow to respond when I had issues.,negative
Sometimes I use it when I don@t have time for deeper analysis.,neutral
"Average experience. Some features are useful, others I don't need.",neutral
Setup was seamless and I got results in seconds.,positive
It@s okay for basic insights but not a full BI tool.,neutral
Love how it highlights trends I wouldn@t have noticed myself.,positive
"Basic insights are fine, but more customization would help.",neutral
Very impressed by the speed and accuracy of the tool.,positive
Highly recommend AutoInsight for anyone dealing with data regularly.,positive
AutoInsight saved me so much time with its automated reports.,positive
Some results were inaccurate and misleading.,negative
I love how it quickly analyzes my CSV files and gives meaningful insights.,positive
AutoInsight saved me so much time with its automated reports.,positive
Insight generation is super helpful and surprisingly intuitive.,positive
It@s like having a data analyst on call 24/7.,positive
AutoInsight saved me so much time with its automated reports.,positive
"The interface is fine, though a bit plain.",neutral
"The tool does what it says, though not exceptionally.",neutral
It@s okay for basic insights but not a full BI tool.,neutral
Insight generation is super helpful and surprisingly intuitive.,positive
"AutoInsight works as expected, nothing more, nothing less.",neutral
"Average experience. Some features are useful, others I don't need.",neutral
AutoInsight is a game changer for data analysis.,positive
"The UI is clean and easy to use, even for non-technical users.",positive
"Not bad for a free trial, but unsure if I@d pay for it.",neutral
"Not bad for a free trial, but unsure if I@d pay for it.",neutral
Setup was seamless and I got results in seconds.,positive
"AutoInsight works as expected, nothing more, nothing less.",neutral
"AutoInsight works as expected, nothing more, nothing less.",neutral
Some results were inaccurate and misleading.,negative
I love how it quickly analyzes my CSV files and gives meaningful insights.,positive
